p, admin, user, create
p, admin, user, read
p, admin, user, update
p, admin, user, delete
p, admin, role, create
p, admin, role, read
p, admin, role, update
p, admin, role, delete
p, admin, banner, create
p, admin, banner, read
p, admin, banner, update
p, admin, banner, delete
p, admin, desa, read
p, admin, desa, update
p, admin, fasilitas, create
p, admin, fasilitas, read
p, admin, fasilitas, update
p, admin, fasilitas, delete
p, admin, berita, create
p, admin, berita, read
p, admin, berita, update
p, admin, berita, delete
p, admin, umkm, create
p, admin, umkm, read
p, admin, umkm, update
p, admin, umkm, delete
p, admin, ppid, create
p, admin, ppid, read
p, admin, ppid, update
p, admin, ppid, delete
p, admin, struktur, create
p, admin, struktur, read
p, admin, struktur, update
p, admin, struktur, delete
p, admin, statistik, create
p, admin, statistik, read
p, admin, statistik, update
p, admin, statistik, delete
p, admin, backup, execute
p, admin, restore, execute
p, operator, berita, create
p, operator, berita, read
p, operator, berita, update
p, operator, berita, delete
p, operator, umkm, create
p, operator, umkm, read
p, operator, umkm, update
p, operator, umkm, delete
p, operator, fasilitas, create
p, operator, fasilitas, read
p, operator, fasilitas, update
p, operator, fasilitas, delete
p, operator, statistik, create
p, operator, statistik, read
p, operator, statistik, update
p, operator, statistik, delete
p, operator, ppid, create
p, operator, ppid, read
p, operator, ppid, update
p, operator, ppid, delete
