p, admin, users, read
p, admin, users, write
p, admin, roles, read
p, admin, roles, write
p, admin, banners, read
p, admin, banners, write
p, admin, berita, write
p, admin, umkm, write
p, admin, fasilitas, write
p, admin, ppid, read
p, admin, ppid, write
p, admin, struktur, write
p, admin, desa, write
p, admin, backup, execute
p, admin, restore, execute
p, operator, berita, write
p, operator, umkm, write
p, operator, fasilitas, write
p, operator, ppid, write
p, admin, gallery, read
p, admin, gallery, write
p, admin, gallery, delete
